Workbook

Sheet Dữ liệu cảnh báo thô
A1: Thời gian | B1: Nguồn | C1: IP đích | D1: Loại mã độc (ID) | E1: Mức độ
A2: 45432.344 | B2: 192.168.1.10 | C2: 10.0.0.5 | D2: MDL_1023 | E2: Cao
A3: 191529.35 | B3: 192.168.1.23 | C3: 10.0.0.8 | D3: MDL_1024 | E3: Trung bình
A4: 45432.348 | B4: 192.168.1.10 | C4: 10.0.0.12 | D4: MDL_1025 | E4: Cao

Sheet Bảng định nghĩa loại mã độc
A1: Mã loại | B1: Tên mã độc | C1: Mô tả | D1: Mức độ mặc định
A2: MDL_1023 | B2: Emotet | C2: Banking Trojan | D2: Cao
A3: MDL_2045 | B3: Lokibot | C3: Info Stealer | D3: Trung bình
A4: MDL_3099 | B4: Cobalt Strike | C4: Penetration Tool | D4: Cao

Sheet Báo cáo an ninh
A1: Thời gian | B1: Mã loại | C1: Tên mã độc | D1: Mức độ
A2: 45432.344 | B2: MDL_1023 | C2: =VLOOKUP(B2,'Bảng định nghĩa loại mã độc'!$A$2:$D$4,2,FALSE) -> Emotet | D2: =VLOOKUP($B$2,'Bảng định nghĩa loại mã độc'!$A$1:$D$4,4,FALSE) -> Cao
A3: 45433.344 | B3: MDL_2045 | C3: =VLOOKUP(B3,'Bảng định nghĩa loại mã độc'!$A$2:$D$4,2,FALSE) -> Lokibot | D3: =VLOOKUP($B$2,'Bảng định nghĩa loại mã độc'!$A$1:$D$4,4,FALSE) -> Cao
A4: 45434.344 | B4: MDL_3099 | C4: =VLOOKUP(B4,'Bảng định nghĩa loại mã độc'!$A$2:$D$4,2,FALSE) -> Cobalt Strike | D4: =VLOOKUP($B$2,'Bảng định nghĩa loại mã độc'!$A$1:$D$4,4,FALSE) -> Cao
A5: 45435.344 | B5: MDL_1023 | C5: =VLOOKUP(B5,'Bảng định nghĩa loại mã độc'!$A$2:$D$4,2,FALSE) -> Emotet | D5: =VLOOKUP($B$2,'Bảng định nghĩa loại mã độc'!$A$1:$D$4,4,FALSE) -> Cao
A6: 45436.344 | B6: MDL_2045 | C6: =VLOOKUP(B6,'Bảng định nghĩa loại mã độc'!$A$2:$D$4,2,FALSE) -> Lokibot | D6: =VLOOKUP($B$2,'Bảng định nghĩa loại mã độc'!$A$1:$D$4,4,FALSE) -> Cao
A7: 45437.344 | B7: MDL_3099 | C7: =VLOOKUP(B7,'Bảng định nghĩa loại mã độc'!$A$2:$D$4,2,FALSE) -> Cobalt Strike | D7: =VLOOKUP($B$2,'Bảng định nghĩa loại mã độc'!$A$1:$D$4,4,FALSE) -> Cao
A8: 45438.344 | B8: MDL_1023 | C8: =VLOOKUP(B8,'Bảng định nghĩa loại mã độc'!$A$2:$D$4,2,FALSE) -> Emotet | D8: =VLOOKUP($B$2,'Bảng định nghĩa loại mã độc'!$A$1:$D$4,4,FALSE) -> Cao
A9: 45439.344 | B9: MDL_2045 | C9: =VLOOKUP(B9,'Bảng định nghĩa loại mã độc'!$A$2:$D$4,2,FALSE) -> Lokibot | D9: =VLOOKUP($B$2,'Bảng định nghĩa loại mã độc'!$A$1:$D$4,4,FALSE) -> Cao
A10: 45440.344 | B10: MDL_3099 | C10: =VLOOKUP(B10,'Bảng định nghĩa loại mã độc'!$A$2:$D$4,2,FALSE) -> Cobalt Strike | D10: =VLOOKUP($B$2,'Bảng định nghĩa loại mã độc'!$A$1:$D$4,4,FALSE) -> Cao
A11: 45441.344 | B11: MDL_1023 | C11: =VLOOKUP(B11,'Bảng định nghĩa loại mã độc'!$A$2:$D$4,2,FALSE) -> Emotet | D11: =VLOOKUP($B$2,'Bảng định nghĩa loại mã độc'!$A$1:$D$4,4,FALSE) -> Cao
A12: 45442.344 | B12: MDL_2045 | C12: =VLOOKUP(B12,'Bảng định nghĩa loại mã độc'!$A$2:$D$4,2,FALSE) -> Lokibot | D12: =VLOOKUP($B$2,'Bảng định nghĩa loại mã độc'!$A$1:$D$4,4,FALSE) -> Cao
A13: 45443.344 | B13: MDL_3099 | C13: =VLOOKUP(B13,'Bảng định nghĩa loại mã độc'!$A$2:$D$4,2,FALSE) -> Cobalt Strike | D13: =VLOOKUP($B$2,'Bảng định nghĩa loại mã độc'!$A$1:$D$4,4,FALSE) -> Cao
... A25: 45455.344 | B25: MDL_1023 | C25: =VLOOKUP(B25,'Bảng định nghĩa loại mã độc'!$A$2:$D$4,2,FALSE) -> Emotet | D25: =VLOOKUP($B$2,'Bảng định nghĩa loại mã độc'!$A$1:$D$4,4,FALSE) -> Cao
